{"RuleTriggered": 0, "Violations": 266, "Details": {"low_gpu_utilization": 588, "bottlenecks": {"1642405557.575479": {"GPUs": 1, "CPUs": 1}, "1642405558.075125": {"GPUs": 1, "CPUs": 3}, "1642405558.581971": {"GPUs": 1, "CPUs": 4}, "1642405559.076111": {"GPUs": 1, "CPUs": 3}, "1642405559.575558": {"GPUs": 1, "CPUs": 2}, "1642405560.076132": {"GPUs": 1, "CPUs": 3}, "1642405560.57472": {"GPUs": 1, "CPUs": 2}, "1642405561.074687": {"GPUs": 1, "CPUs": 1}, "1642405561.592883": {"GPUs": 1, "CPUs": 1}, "1642405562.074727": {"GPUs": 1, "CPUs": 4}, "1642405562.574735": {"GPUs": 1, "CPUs": 1}, "1642405563.074694": {"GPUs": 1, "CPUs": 1}, "1642405563.575445": {"GPUs": 1, "CPUs": 1}, "1642405564.074709": {"GPUs": 1, "CPUs": 3}, "1642405564.574714": {"GPUs": 1, "CPUs": 1}, "1642405565.07471": {"GPUs": 1, "CPUs": 2}, "1642405565.574698": {"GPUs": 1, "CPUs": 3}, "1642405566.074704": {"GPUs": 1, "CPUs": 3}, "1642405566.574691": {"GPUs": 1, "CPUs": 3}, "1642405567.074717": {"GPUs": 1, "CPUs": 3}, "1642405567.574713": {"GPUs": 1, "CPUs": 3}, "1642405568.074705": {"GPUs": 1, "CPUs": 3}, "1642405568.574707": {"GPUs": 1, "CPUs": 4}, "1642405569.074707": {"GPUs": 1, "CPUs": 4}, "1642405572.574713": {"GPUs": 1, "CPUs": 1}, "1642405573.074693": {"GPUs": 1, "CPUs": 1}, "1642405573.574707": {"GPUs": 1, "CPUs": 1}, "1642405574.075091": {"GPUs": 1, "CPUs": 1}, "1642405575.074772": {"GPUs": 1, "CPUs": 2}, "1642405575.574726": {"GPUs": 1, "CPUs": 1}, "1642405576.074717": {"GPUs": 1, "CPUs": 2}, "1642405576.574707": {"GPUs": 1, "CPUs": 1}, "1642405577.075076": {"GPUs": 1, "CPUs": 2}, "1642405577.574694": {"GPUs": 1, "CPUs": 1}, "1642405578.074713": {"GPUs": 1, "CPUs": 3}, "1642405578.574716": {"GPUs": 1, "CPUs": 2}, "1642405579.075027": {"GPUs": 1, "CPUs": 2}, "1642405579.574696": {"GPUs": 1, "CPUs": 3}, "1642405580.074707": {"GPUs": 1, "CPUs": 3}, "1642405583.574712": {"GPUs": 1, "CPUs": 1}, "1642405586.574689": {"GPUs": 1, "CPUs": 1}, "1642405587.07476": {"GPUs": 1, "CPUs": 1}, "1642405587.57471": {"GPUs": 1, "CPUs": 1}, "1642405588.07472": {"GPUs": 1, "CPUs": 1}, "1642405588.574735": {"GPUs": 1, "CPUs": 2}, "1642405593.074734": {"GPUs": 1, "CPUs": 1}, "1642405593.574709": {"GPUs": 1, "CPUs": 2}, "1642405594.074712": {"GPUs": 1, "CPUs": 2}, "1642405594.574691": {"GPUs": 1, "CPUs": 1}, "1642405598.574701": {"GPUs": 1, "CPUs": 1}, "1642405602.075823": {"GPUs": 1, "CPUs": 1}, "1642405602.574726": {"GPUs": 1, "CPUs": 1}, "1642405603.074734": {"GPUs": 1, "CPUs": 2}, "1642405610.574723": {"GPUs": 1, "CPUs": 2}, "1642405611.074739": {"GPUs": 1, "CPUs": 2}, "1642405611.574721": {"GPUs": 1, "CPUs": 2}, "1642405612.074735": {"GPUs": 1, "CPUs": 2}, "1642405613.574696": {"GPUs": 1, "CPUs": 1}, "1642405614.074711": {"GPUs": 1, "CPUs": 1}, "1642405614.5747": {"GPUs": 1, "CPUs": 2}, "1642405615.074703": {"GPUs": 1, "CPUs": 2}, "1642405615.574739": {"GPUs": 1, "CPUs": 1}, "1642405616.074711": {"GPUs": 1, "CPUs": 1}, "1642405616.574695": {"GPUs": 1, "CPUs": 1}, "1642405617.074748": {"GPUs": 1, "CPUs": 1}, "1642405617.57471": {"GPUs": 1, "CPUs": 1}, "1642405618.074694": {"GPUs": 1, "CPUs": 1}, "1642405618.574732": {"GPUs": 1, "CPUs": 1}, "1642405622.57471": {"GPUs": 1, "CPUs": 1}, "1642405624.574728": {"GPUs": 1, "CPUs": 1}, "1642405625.074718": {"GPUs": 1, "CPUs": 2}, "1642405625.57471": {"GPUs": 1, "CPUs": 2}, "1642405626.074695": {"GPUs": 1, "CPUs": 2}, "1642405626.574741": {"GPUs": 1, "CPUs": 3}, "1642405627.074706": {"GPUs": 1, "CPUs": 3}, "1642405631.074701": {"GPUs": 1, "CPUs": 1}, "1642405631.574698": {"GPUs": 1, "CPUs": 1}, "1642405632.074713": {"GPUs": 1, "CPUs": 1}, "1642405633.074713": {"GPUs": 1, "CPUs": 1}, "1642405640.575138": {"GPUs": 1, "CPUs": 1}, "1642405648.075351": {"GPUs": 1, "CPUs": 1}, "1642405649.07474": {"GPUs": 1, "CPUs": 1}, "1642405649.574688": {"GPUs": 1, "CPUs": 1}, "1642405650.074713": {"GPUs": 1, "CPUs": 1}, "1642405650.574698": {"GPUs": 1, "CPUs": 1}, "1642405651.0747": {"GPUs": 1, "CPUs": 2}, "1642405651.574698": {"GPUs": 1, "CPUs": 2}, "1642405652.074705": {"GPUs": 1, "CPUs": 2}, "1642405652.574708": {"GPUs": 1, "CPUs": 2}, "1642405653.074702": {"GPUs": 1, "CPUs": 2}, "1642405653.574702": {"GPUs": 1, "CPUs": 3}, "1642405654.074707": {"GPUs": 1, "CPUs": 3}, "1642405654.574703": {"GPUs": 1, "CPUs": 2}, "1642405655.074709": {"GPUs": 1, "CPUs": 2}, "1642405675.074729": {"GPUs": 1, "CPUs": 1}, "1642405682.075433": {"GPUs": 1, "CPUs": 1}, "1642405683.574726": {"GPUs": 1, "CPUs": 1}, "1642405684.5747": {"GPUs": 1, "CPUs": 1}, "1642405688.574709": {"GPUs": 1, "CPUs": 1}, "1642405689.075323": {"GPUs": 1, "CPUs": 1}, "1642405690.574688": {"GPUs": 1, "CPUs": 1}, "1642405692.074713": {"GPUs": 1, "CPUs": 1}, "1642405693.574704": {"GPUs": 1, "CPUs": 1}, "1642405694.575412": {"GPUs": 1, "CPUs": 1}, "1642405701.574714": {"GPUs": 1, "CPUs": 1}, "1642405702.074718": {"GPUs": 1, "CPUs": 1}, "1642405702.574745": {"GPUs": 1, "CPUs": 1}, "1642405706.076114": {"GPUs": 1, "CPUs": 3}, "1642405706.577602": {"GPUs": 1, "CPUs": 3}, "1642405707.074712": {"GPUs": 1, "CPUs": 4}, "1642405707.574737": {"GPUs": 1, "CPUs": 2}, "1642405708.076125": {"GPUs": 1, "CPUs": 3}, "1642405708.574721": {"GPUs": 1, "CPUs": 2}, "1642405709.074716": {"GPUs": 1, "CPUs": 2}, "1642405710.576559": {"GPUs": 1, "CPUs": 1}, "1642405711.077467": {"GPUs": 1, "CPUs": 1}, "1642405718.576116": {"GPUs": 1, "CPUs": 1}, "1642405719.074684": {"GPUs": 1, "CPUs": 1}, "1642405721.574734": {"GPUs": 1, "CPUs": 1}, "1642405722.074707": {"GPUs": 1, "CPUs": 1}, "1642405728.574702": {"GPUs": 1, "CPUs": 1}, "1642405732.574698": {"GPUs": 1, "CPUs": 1}, "1642405735.575347": {"GPUs": 1, "CPUs": 1}, "1642405738.07472": {"GPUs": 1, "CPUs": 1}, "1642405740.074699": {"GPUs": 1, "CPUs": 1}, "1642405740.574759": {"GPUs": 1, "CPUs": 1}, "1642405741.074718": {"GPUs": 1, "CPUs": 1}, "1642405742.074709": {"GPUs": 1, "CPUs": 1}, "1642405743.074701": {"GPUs": 1, "CPUs": 1}, "1642405743.574693": {"GPUs": 1, "CPUs": 1}, "1642405745.574725": {"GPUs": 1, "CPUs": 1}, "1642405746.074746": {"GPUs": 1, "CPUs": 1}, "1642405749.575251": {"GPUs": 1, "CPUs": 1}, "1642405751.574743": {"GPUs": 1, "CPUs": 1}, "1642405753.074724": {"GPUs": 1, "CPUs": 1}, "1642405754.074708": {"GPUs": 1, "CPUs": 1}, "1642405755.074703": {"GPUs": 1, "CPUs": 1}, "1642405756.074708": {"GPUs": 1, "CPUs": 1}, "1642405757.07525": {"GPUs": 1, "CPUs": 1}, "1642405758.074724": {"GPUs": 1, "CPUs": 1}, "1642405758.574712": {"GPUs": 1, "CPUs": 1}, "1642405759.074708": {"GPUs": 1, "CPUs": 1}, "1642405759.574697": {"GPUs": 1, "CPUs": 1}, "1642405760.574711": {"GPUs": 1, "CPUs": 1}, "1642405764.57469": {"GPUs": 1, "CPUs": 1}, "1642405765.574748": {"GPUs": 1, "CPUs": 1}, "1642405768.074701": {"GPUs": 1, "CPUs": 1}, "1642405771.075203": {"GPUs": 1, "CPUs": 1}, "1642405774.07467": {"GPUs": 1, "CPUs": 1}, "1642405774.57472": {"GPUs": 1, "CPUs": 1}, "1642405775.074715": {"GPUs": 1, "CPUs": 1}, "1642405777.074725": {"GPUs": 1, "CPUs": 1}, "1642405778.074724": {"GPUs": 1, "CPUs": 1}, "1642405780.574705": {"GPUs": 1, "CPUs": 1}, "1642405781.574689": {"GPUs": 1, "CPUs": 1}, "1642405783.074719": {"GPUs": 1, "CPUs": 1}, "1642405783.574705": {"GPUs": 1, "CPUs": 1}, "1642405785.074701": {"GPUs": 1, "CPUs": 1}, "1642405786.074688": {"GPUs": 1, "CPUs": 1}, "1642405786.574713": {"GPUs": 1, "CPUs": 1}, "1642405787.074692": {"GPUs": 1, "CPUs": 1}, "1642405788.074706": {"GPUs": 1, "CPUs": 1}, "1642405791.574707": {"GPUs": 1, "CPUs": 1}, "1642405792.074706": {"GPUs": 1, "CPUs": 1}, "1642405795.574663": {"GPUs": 1, "CPUs": 1}, "1642405797.574701": {"GPUs": 1, "CPUs": 1}, "1642405800.074688": {"GPUs": 1, "CPUs": 1}, "1642405801.574712": {"GPUs": 1, "CPUs": 1}, "1642405802.574769": {"GPUs": 1, "CPUs": 1}, "1642405805.07472": {"GPUs": 1, "CPUs": 1}, "1642405812.0747": {"GPUs": 1, "CPUs": 1}, "1642405813.074708": {"GPUs": 1, "CPUs": 1}, "1642405813.574706": {"GPUs": 1, "CPUs": 1}, "1642405814.57471": {"GPUs": 1, "CPUs": 1}, "1642405815.574728": {"GPUs": 1, "CPUs": 1}, "1642405816.574722": {"GPUs": 1, "CPUs": 1},