{"RuleTriggered": 0, "Violations": 79, "Details": {"low_gpu_utilization": 588, "bottlenecks": {"1642405565.574698": {"GPUs": 1, "CPUs": 3}, "1642405566.074704": {"GPUs": 1, "CPUs": 3}, "1642405566.574691": {"GPUs": 1, "CPUs": 3}, "1642405567.074717": {"GPUs": 1, "CPUs": 4}, "1642405567.574713": {"GPUs": 1, "CPUs": 3}, "1642405568.074705": {"GPUs": 1, "CPUs": 4}, "1642405568.574707": {"GPUs": 1, "CPUs": 4}, "1642405569.074707": {"GPUs": 1, "CPUs": 1}, "1642405578.074713": {"GPUs": 1, "CPUs": 1}, "1642405578.574716": {"GPUs": 1, "CPUs": 2}, "1642405579.075027": {"GPUs": 1, "CPUs": 3}, "1642405579.574696": {"GPUs": 1, "CPUs": 3}, "1642405580.074707": {"GPUs": 1, "CPUs": 3}, "1642405580.574697": {"GPUs": 1, "CPUs": 3}, "1642405586.075434": {"GPUs": 1, "CPUs": 1}, "1642405586.574689": {"GPUs": 1, "CPUs": 1}, "1642405587.07476": {"GPUs": 1, "CPUs": 1}, "1642405587.57471": {"GPUs": 1, "CPUs": 1}, "1642405588.07472": {"GPUs": 1, "CPUs": 2}, "1642405588.574735": {"GPUs": 1, "CPUs": 2}, "1642405591.074719": {"GPUs": 1, "CPUs": 1}, "1642405593.074734": {"GPUs": 1, "CPUs": 2}, "1642405593.574709": {"GPUs": 1, "CPUs": 2}, "1642405594.074712": {"GPUs": 1, "CPUs": 1}, "1642405594.574691": {"GPUs": 1, "CPUs": 1}, "1642405596.574713": {"GPUs": 1, "CPUs": 1}, "1642405610.574723": {"GPUs": 1, "CPUs": 3}, "1642405611.074739": {"GPUs": 1, "CPUs": 2}, "1642405611.574721": {"GPUs": 1, "CPUs": 1}, "1642405612.074735": {"GPUs": 1, "CPUs": 1}, "1642405613.574696": {"GPUs": 1, "CPUs": 1}, "1642405614.074711": {"GPUs": 1, "CPUs": 1}, "1642405614.5747": {"GPUs": 1, "CPUs": 2}, "1642405615.074703": {"GPUs": 1, "CPUs": 2}, "1642405615.574739": {"GPUs": 1, "CPUs": 1}, "1642405616.074711": {"GPUs": 1, "CPUs": 2}, "1642405616.574695": {"GPUs": 1, "CPUs": 2}, "1642405617.074748": {"GPUs": 1, "CPUs": 2}, "1642405617.57471": {"GPUs": 1, "CPUs": 2}, "1642405618.074694": {"GPUs": 1, "CPUs": 2}, "1642405618.574732": {"GPUs": 1, "CPUs": 2}, "1642405625.57471": {"GPUs": 1, "CPUs": 1}, "1642405626.074695": {"GPUs": 1, "CPUs": 3}, "1642405626.574741": {"GPUs": 1, "CPUs": 3}, "1642405627.074706": {"GPUs": 1, "CPUs": 3}, "1642405630.575442": {"GPUs": 1, "CPUs": 1}, "1642405631.074701": {"GPUs": 1, "CPUs": 1}, "1642405631.574698": {"GPUs": 1, "CPUs": 1}, "1642405632.074713": {"GPUs": 1, "CPUs": 1}, "1642405632.574699": {"GPUs": 1, "CPUs": 1}, "1642405633.074713": {"GPUs": 1, "CPUs": 3}, "1642405633.574688": {"GPUs": 1, "CPUs": 1}, "1642405640.575138": {"GPUs": 1, "CPUs": 2}, "1642405649.07474": {"GPUs": 1, "CPUs": 1}, "1642405649.574688": {"GPUs": 1, "CPUs": 2}, "1642405650.074713": {"GPUs": 1, "CPUs": 1}, "1642405650.574698": {"GPUs": 1, "CPUs": 1}, "1642405651.0747": {"GPUs": 1, "CPUs": 2}, "1642405651.574698": {"GPUs": 1, "CPUs": 4}, "1642405652.074705": {"GPUs": 1, "CPUs": 3}, "1642405652.574708": {"GPUs": 1, "CPUs": 2}, "1642405653.074702": {"GPUs": 1, "CPUs": 2}, "1642405653.574702": {"GPUs": 1, "CPUs": 3}, "1642405654.074707": {"GPUs": 1, "CPUs": 3}, "1642405654.574703": {"GPUs": 1, "CPUs": 3}, "1642405655.074709": {"GPUs": 1, "CPUs": 2}, "1642405655.574705": {"GPUs": 1, "CPUs": 2}, "1642405674.574696": {"GPUs": 1, "CPUs": 1}, "1642405675.074729": {"GPUs": 1, "CPUs": 1}, "1642405682.574723": {"GPUs": 1, "CPUs": 1}, "1642405699.074718": {"GPUs": 1, "CPUs": 1}, "1642405699.574712": {"GPUs": 1, "CPUs": 1}, "1642405700.074721": {"GPUs": 1, "CPUs": 1}, "1642405701.074706": {"GPUs": 1, "CPUs": 1}, "1642405702.074718": {"GPUs": 1, "CPUs": 1}, "1642405832.074709": {"GPUs": 1, "CPUs": 1}, "1642405832.574713": {"GPUs": 1, "CPUs": 1}, "1642405833.074761": {"GPUs": 1, "CPUs": 1}, "1642405834.074735": {"GPUs": 1, "CPUs": 1}}}, "Datapoints": 735, "RuleParameters": "threshold:50\nio_threshold:50\ngpu_threshold:10\npatience:1000"}