{"RuleTriggered": 0, "Violations": 0, "Details": {"ratio": {"gpu_functions-dev:0": 53.54892451061238, "cpu_functions": 46.45107548938762}, "phase": {"Step:ModeKeys.TRAIN": 29.478631683362032, "others": 63.91556611748733, "Step:ModeKeys.EVAL": 6.605802199150632}, "phase_time": {}, "CPU": {"conv2d": 17.577993500688308, "convolution": 17.25736792230292, "_convolution": 17.02044149712205, "cudnn_convolution": 14.827797218658587, "batch_norm": 2.5020372977834686, "to": 13.414932221425088, "copy_": 14.285499558416213, "addmm": 3.1139307836033616}, "CPU_total": {"conv2d": 2596193, "convolution": 2548838, "_convolution": 2513845, "cudnn_convolution": 2190001, "batch_norm": 369540, "to": 1981327, "copy_": 2109906, "addmm": 459914}, "GPU": {"conv2d": 17.061002145843656, "convolution": 17.030656257781718, "_convolution": 16.994899688326772, "cudnn_convolution": 16.89935593226434, "batch_norm": 2.3675074142628936, "_batch_norm_impl_index": 2.356927649919138, "cudnn_batch_norm": 2.2857066765673335, "to": 10.855602341999115, "copy_": 11.587724282014378, "addmm": 2.560617611020665}, "GPU_total": {"conv2d": 3036539, "convolution": 3031138, "_convolution": 3024774, "cudnn_convolution": 3007769, "batch_norm": 421372, "_batch_norm_impl_index": 419489, "cudnn_batch_norm": 406813, "to": 1932094, "copy_": 2062398, "addmm": 455742}, "general": {"Forward": 100.0}}, "Datapoints": 0, "RuleParameters": ""}