{"RuleTriggered": 0, "Violations": 0, "Details": {"step_details": {"algo-1-27": {"step_stats": {"mean": 0.22618252150537635, "max": 12.122672, "p99": 3.1495203500000004, "p95": 2.2417947500000004, "p50": 0.0188605, "min": 0.016319}, "number_of_outliers": 1, "phase": "Step:ModeKeys.TRAIN", "stddev": 1.07, "probs": [175, 0, 0, 0, 0, 0, 0, 0, 0, 0, 0, 0, 0, 0, 0, 0, 0, 0, 0, 0, 0, 0, 0, 0, 0, 0, 0, 0, 0, 0, 0, 0, 0, 0, 0, 0, 0, 1, 0, 0, 0, 0, 0, 0, 0, 0, 0, 0, 0, 0, 0, 0, 0, 0, 0, 0, 0, 0, 0, 0, 0, 0, 0, 0, 0, 0, 0, 0, 0, 0, 0, 0, 0, 0, 0, 0, 0, 0, 0, 0, 0, 2, 1, 1, 0, 0, 0, 0, 1, 0, 1, 0, 0, 1, 0, 0, 0, 0, 1, 1], "binedges": [0.016319, 0.04796797, 0.07961694, 0.11126591, 0.14291488, 0.17456385, 0.20621282, 0.23786179, 0.26951075999999996, 0.30115972999999996, 0.33280869999999996, 0.36445766999999996, 0.39610663999999995, 0.42775560999999995, 0.45940457999999995, 0.49105354999999995, 0.52270252, 0.55435149, 0.58600046, 0.6176494299999999, 0.6492983999999999, 0.6809473699999999, 0.7125963399999999, 0.7442453099999999, 0.7758942799999999, 0.8075432499999999, 0.8391922199999999, 0.8708411899999999, 0.9024901599999999, 0.9341391299999999, 0.9657880999999999, 0.9974370699999999, 1.02908604, 1.06073501, 1.09238398, 1.12403295, 1.15568192, 1.18733089, 1.21897986, 1.25062883, 1.2822778, 1.31392677, 1.34557574, 1.37722471, 1.40887368, 1.44052265, 1.47217162, 1.50382059, 1.53546956, 1.56711853, 1.5987675, 1.63041647, 1.66206544, 1.69371441, 1.72536338, 1.75701235, 1.7886613199999999, 1.8203102899999999, 1.8519592599999999, 1.8836082299999999, 1.9152571999999999, 1.9469061699999999, 1.9785551399999999, 2.01020411, 2.04185308, 2.07350205, 2.10515102, 2.13679999, 2.16844896, 2.20009793, 2.2317469, 2.26339587, 2.29504484, 2.32669381, 2.35834278, 2.38999175, 2.42164072, 2.45328969, 2.48493866, 2.51658763, 2.5482366, 2.57988557, 2.61153454, 2.64318351, 2.67483248, 2.70648145, 2.73813042, 2.76977939, 2.80142836, 2.83307733, 2.8647263, 2.89637527, 2.92802424, 2.95967321, 2.99132218, 3.02297115, 3.05462012, 3.08626909, 3.11791806, 3.14956703, 3.181216], "step_numbers": ["0"]}}}, "Datapoints": 200, "RuleParameters": "threshold:3\nmode:None\nn_outliers:10\nstddev:3"}